player,position,age,starts,time_min,time_90s,goals,assists,goals_assists,nonpen_goals,pk,pk_attempt,yellow,red,xG,npxG,xAG,npxG_xAG,PrgC,PrgP,PrgR,goalsper90,assistsper90,gaper90,g_pkper90,ga_pkper90,xG_per90,xAGper90,xGxAG_per90,npxGper90,npxG_xAGper90,team
Julián Álvarez,"MF,FW",24,31,2628,29.2,9,8,17,8,1,1,2,0,11.9,11.1,6.4,17.5,63,103,176,0.31,0.27,0.58,0.27,0.55,0.41,0.22,0.63,0.38,0.6,Manchester-City
Rodri,MF,27,30,2571,28.6,7,7,14,7,0,0,8,1,3.8,3.8,3.1,6.9,71,332,50,0.25,0.25,0.49,0.25,0.49,0.13,0.11,0.24,0.13,0.24,Manchester-City
Phil Foden,"FW,MF",23,29,2518,28,16,7,23,16,0,0,1,0,9.3,9.3,7.6,16.9,89,151,246,0.57,0.25,0.82,0.57,0.82,0.33,0.27,0.6,0.33,0.6,Manchester-City
Kyle Walker,DF,33,27,2428,27,0,4,4,0,0,0,2,0,0.4,0.4,2.6,3,69,142,164,0,0.15,0.15,0,0.15,0.01,0.1,0.11,0.01,0.11,Manchester-City
Rúben Dias,DF,26,25,2289,25.4,0,0,0,0,0,0,0,0,1.2,1.2,0.3,1.5,34,166,15,0,0,0,0,0,0.05,0.01,0.06,0.05,0.06,Manchester-City
Bernardo Silva,"MF,FW",29,25,2229,24.8,6,5,11,6,0,0,7,0,3.4,3.4,6.4,9.9,124,160,221,0.24,0.2,0.44,0.24,0.44,0.14,0.26,0.4,0.14,0.4,Manchester-City
Erling Haaland,FW,23,25,2211,24.6,21,5,26,17,4,5,1,0,24,20.1,4.2,24.3,31,18,113,0.85,0.2,1.06,0.69,0.9,0.98,0.17,1.15,0.82,0.99,Manchester-City
Manuel Akanji,"DF,MF",28,24,2171,24.1,2,0,2,2,0,0,4,1,0.9,0.9,0.4,1.3,41,128,34,0.08,0,0.08,0.08,0.08,0.04,0.02,0.05,0.04,0.05,Manchester-City
Joško Gvardiol,DF,22,22,1968,21.9,2,1,3,2,0,0,3,0,1.8,1.8,1.3,3,56,119,88,0.09,0.05,0.14,0.09,0.14,0.08,0.06,0.14,0.08,0.14,Manchester-City
Nathan Aké,DF,29,22,1933,21.5,2,2,4,2,0,0,0,0,2.5,2.5,1.2,3.7,23,112,17,0.09,0.09,0.19,0.09,0.19,0.12,0.06,0.17,0.12,0.17,Manchester-City
Jeremy Doku,"FW,MF",21,17,1456,16.2,3,7,10,3,0,0,3,0,2.3,2.3,4.1,6.3,193,56,273,0.19,0.43,0.62,0.19,0.62,0.14,0.25,0.39,0.14,0.39,Manchester-City
Mateo Kovačić,MF,29,13,1289,14.3,1,0,1,1,0,0,3,0,1.2,1.2,1.5,2.7,33,87,34,0.07,0,0.07,0.07,0.07,0.08,0.11,0.19,0.08,0.19,Manchester-City
John Stones,"DF,MF",29,12,1042,11.6,1,0,1,1,0,0,2,0,1,1,0.2,1.3,16,57,24,0.09,0,0.09,0.09,0.09,0.09,0.02,0.11,0.09,0.11,Manchester-City
Kevin De Bruyne,MF,32,11,911,10.1,4,8,12,4,0,0,2,0,1.7,1.7,8.4,10.1,36,89,100,0.4,0.79,1.19,0.4,1.19,0.17,0.83,1,0.17,1,Manchester-City
Jack Grealish,"FW,MF",28,10,998,11.1,3,1,4,3,0,0,6,0,2.1,2.1,2.5,4.6,87,50,146,0.27,0.09,0.36,0.27,0.36,0.19,0.23,0.41,0.19,0.41,Manchester-City
Rico Lewis,"DF,MF",19,8,800,8.9,2,0,2,2,0,0,1,0,0.6,0.6,1.1,1.8,19,32,43,0.23,0,0.23,0.23,0.23,0.07,0.13,0.2,0.07,0.2,Manchester-City
Matheus Nunes,MF,25,7,649,7.2,0,2,2,0,0,0,0,0,0.8,0.8,1.1,2,28,32,57,0,0.28,0.28,0,0.28,0.12,0.15,0.27,0.12,0.27,Manchester-City
Squad Total,,27.3,374,3060,34,80,59,139,75,5,6,50,2,69.3,64.8,53.4,118.2,1036,1871,1845,2.35,1.74,4.09,2.21,3.94,2.04,1.57,3.61,1.91,3.48,Manchester-City
Opponent Total,,27.1,374,3060,34,31,23,54,28,3,3,82,1,33.1,30.7,24.7,55.4,430,733,731,0.91,0.68,1.59,0.82,1.5,0.97,0.73,1.7,0.9,1.63,Manchester-City
William Saliba,DF,23,35,3150,35,2,1,3,2,0,0,4,0,1.5,1.5,0.2,1.7,16,139,5,0.06,0.03,0.09,0.06,0.09,0.04,0.01,0.05,0.04,0.05,Arsenal
Declan Rice,MF,25,34,2955,32.8,6,7,13,6,0,0,4,0,2.7,2.7,4.8,7.5,66,259,55,0.18,0.21,0.4,0.18,0.4,0.08,0.14,0.23,0.08,0.23,Arsenal
Bukayo Saka,FW,22,33,2753,30.6,15,9,24,10,5,5,3,0,13.8,9.9,9.4,19.3,151,116,489,0.49,0.29,0.78,0.33,0.62,0.45,0.31,0.76,0.32,0.63,Arsenal
Martin Ødegaard,MF,25,32,2822,31.4,8,8,16,6,2,2,2,0,6.3,4.8,8.4,13.2,83,306,179,0.26,0.26,0.51,0.19,0.45,0.2,0.27,0.47,0.15,0.42,Arsenal
Ben White,DF,26,32,2740,30.4,4,4,8,4,0,0,8,0,1,1,3.2,4.2,40,172,151,0.13,0.13,0.26,0.13,0.26,0.03,0.1,0.14,0.03,0.14,Arsenal
Gabriel Magalhães,DF,26,31,2806,31.2,4,0,4,4,0,0,4,0,4,4,0.7,4.6,13,110,8,0.13,0,0.13,0.13,0.13,0.13,0.02,0.15,0.13,0.15,Arsenal
Kai Havertz,"MF,FW",24,27,2364,26.3,12,6,18,11,1,1,9,0,10.8,10,3.3,13.3,48,96,166,0.46,0.23,0.69,0.42,0.65,0.41,0.12,0.54,0.38,0.51,Arsenal
Gabriel Martinelli,FW,22,23,1894,21,6,4,10,6,0,0,1,0,6.5,6.5,5.4,11.8,112,61,312,0.29,0.19,0.48,0.29,0.48,0.31,0.26,0.56,0.31,0.56,Arsenal
Oleksandr Zinchenko,DF,27,20,1690,18.8,1,2,3,1,0,0,2,0,0.6,0.6,2.4,3,39,220,57,0.05,0.11,0.16,0.05,0.16,0.03,0.13,0.16,0.03,0.16,Arsenal
Gabriel Jesus,FW,27,17,1451,16.1,4,4,8,4,0,0,6,0,6.3,6.3,3.6,9.9,36,40,145,0.25,0.25,0.5,0.25,0.5,0.39,0.22,0.61,0.39,0.61,Arsenal
Leandro Trossard,"FW,MF",29,15,1427,15.9,10,1,11,10,0,0,2,0,6.9,6.9,2.3,9.2,61,69,133,0.63,0.06,0.69,0.63,0.69,0.44,0.14,0.58,0.44,0.58,Arsenal
Jakub Kiwior,DF,24,11,945,10.5,1,3,4,1,0,0,1,0,0.8,0.8,0.9,1.7,4,55,16,0.1,0.29,0.38,0.1,0.38,0.08,0.09,0.16,0.08,0.16,Arsenal
Eddie Nketiah,FW,24,10,1082,12,5,2,7,5,0,0,3,0,4.5,4.5,0.8,5.4,22,20,77,0.42,0.17,0.58,0.42,0.58,0.38,0.07,0.45,0.38,0.45,Arsenal
Jorginho,MF,32,10,920,10.2,0,2,2,0,0,0,1,0,0.1,0.1,1.4,1.5,8,101,8,0,0.2,0.2,0,0.2,0.01,0.13,0.14,0.01,0.14,Arsenal
Takehiro Tomiyasu,DF,25,7,879,9.8,1,1,2,1,0,0,2,1,0.9,0.9,0.2,1.1,16,62,30,0.1,0.1,0.2,0.1,0.2,0.09,0.02,0.12,0.09,0.12,Arsenal
Squad Total,,25.7,385,3150,35,80,57,137,71,9,9,56,2,68.4,61.5,49,110.6,761,1937,1920,2.29,1.63,3.91,2.03,3.66,1.95,1.4,3.36,1.76,3.16,Arsenal
Opponent Total,,27,385,3150,35,27,20,47,25,2,3,76,2,26.3,24.1,19,43.1,489,866,851,0.77,0.57,1.34,0.71,1.29,0.75,0.54,1.29,0.69,1.23,Arsenal
Virgil van Dijk,DF,32,33,2907,32.3,2,2,4,2,0,0,3,1,2.5,2.5,1.6,4.1,32,189,6,0.06,0.06,0.12,0.06,0.12,0.08,0.05,0.13,0.08,0.13,Liverpool
Luis Díaz,FW,27,29,2410,26.8,8,5,13,8,0,0,3,0,11.1,11.1,5.1,16.2,123,109,280,0.3,0.19,0.49,0.3,0.49,0.42,0.19,0.61,0.42,0.61,Liverpool
Alexis Mac Allister,MF,25,28,2366,26.3,4,5,9,3,1,1,7,1,3,2.2,3.2,5.3,39,196,40,0.15,0.19,0.34,0.11,0.3,0.11,0.12,0.23,0.08,0.2,Liverpool
Mohamed Salah,FW,31,25,2264,25.2,17,9,26,12,5,7,2,0,18.9,13.2,10.9,24.1,86,136,298,0.68,0.36,1.03,0.48,0.83,0.75,0.43,1.19,0.53,0.96,Liverpool
Dominik Szoboszlai,MF,23,25,2071,23,3,2,5,3,0,0,1,0,3.4,3.4,5.5,8.9,73,148,153,0.13,0.09,0.22,0.13,0.22,0.15,0.24,0.39,0.15,0.39,Liverpool
Darwin Núñez,FW,24,22,1995,22.2,11,8,19,11,0,1,9,0,15.7,14.9,6,20.9,55,53,201,0.5,0.36,0.86,0.5,0.86,0.71,0.27,0.98,0.67,0.94,Liverpool
Trent Alexander-Arnold,DF,25,22,1905,21.2,3,4,7,3,0,0,5,0,2.1,1.9,5.9,7.7,39,184,86,0.14,0.19,0.33,0.14,0.33,0.1,0.28,0.38,0.09,0.37,Liverpool
Ibrahima Konaté,DF,24,17,1574,17.5,0,0,0,0,0,0,5,1,0.7,0.7,0.4,1.1,24,118,3,0,0,0,0,0,0.04,0.02,0.06,0.04,0.06,Liverpool
Wataru Endo,MF,31,17,1493,16.6,1,0,1,1,0,0,9,0,0.5,0.5,1.7,2.2,9,83,18,0.06,0,0.06,0.06,0.06,0.03,0.1,0.13,0.03,0.13,Liverpool
Joe Gomez,DF,26,16,1669,18.5,0,1,1,0,0,0,5,0,0.7,0.7,1.3,2,41,97,99,0,0.05,0.05,0,0.05,0.04,0.07,0.11,0.04,0.11,Liverpool
Andrew Robertson,DF,30,16,1540,17.1,2,2,4,2,0,0,2,0,1,1,4.4,5.4,56,120,115,0.12,0.12,0.23,0.12,0.23,0.06,0.25,0.32,0.06,0.32,Liverpool
Cody Gakpo,"FW,MF",24,14,1405,15.6,6,4,10,6,0,0,1,0,6.9,6.9,2,8.9,38,71,108,0.38,0.26,0.64,0.38,0.64,0.44,0.13,0.57,0.44,0.57,Liverpool
Diogo Jota,FW,27,14,1145,12.7,10,3,13,10,0,0,3,1,5.3,5.3,3.3,8.6,54,34,111,0.79,0.24,1.02,0.79,1.02,0.42,0.26,0.68,0.42,0.68,Liverpool
Curtis Jones,MF,23,14,1142,12.7,1,1,2,1,0,0,3,1,2.6,2.6,0.6,3.2,30,72,86,0.08,0.08,0.16,0.08,0.16,0.2,0.05,0.25,0.2,0.25,Liverpool
Ryan Gravenberch,MF,21,12,1068,11.9,1,0,1,1,0,0,0,0,1.9,1.9,0.9,2.7,38,74,70,0.08,0,0.08,0.08,0.08,0.16,0.07,0.23,0.16,0.23,Liverpool
Jarell Quansah,DF,21,10,920,10.2,0,0,0,0,0,0,1,0,0.1,0.1,0.1,0.2,10,55,0,0,0,0,0,0,0.01,0.01,0.02,0.01,0.02,Liverpool
Conor Bradley,DF,20,10,733,8.1,1,3,4,1,0,0,2,0,0.9,0.9,1.5,2.3,34,29,63,0.12,0.37,0.49,0.12,0.49,0.11,0.18,0.29,0.11,0.29,Liverpool
Joël Matip,DF,32,9,781,8.7,0,0,0,0,0,0,2,0,0.5,0.5,0.1,0.6,8,34,1,0,0,0,0,0,0.06,0.01,0.06,0.06,0.06,Liverpool
Harvey Elliott,"MF,FW",21,8,1116,12.4,2,3,5,2,0,0,1,0,2.1,2.1,2.7,4.8,36,98,104,0.16,0.24,0.4,0.16,0.4,0.17,0.21,0.38,0.17,0.38,Liverpool
Kostas Tsimikas,DF,27,8,679,7.5,0,3,3,0,0,0,0,0,0.1,0.1,1,1.1,24,31,73,0,0.4,0.4,0,0.4,0.01,0.14,0.15,0.01,0.15,Liverpool
Squad Total,,27.1,385,3150,35,72,55,127,66,6,9,66,5,78.3,70.9,57.4,128.4,852,1943,1925,2.06,1.57,3.63,1.89,3.46,2.24,1.64,3.88,2.03,3.67,Liverpool
Opponent Total,,26.9,385,3150,35,34,22,56,33,1,1,92,3,40.9,40.1,29.5,69.6,506,1061,1052,0.97,0.63,1.6,0.94,1.57,1.17,0.84,2.01,1.15,1.99,Liverpool
Ollie Watkins,FW,28,34,2970,33,19,12,31,19,0,0,4,0,16,16,7.1,23.1,55,54,202,0.58,0.36,0.94,0.58,0.94,0.48,0.21,0.7,0.48,0.7,Aston-Villa
Ezri Konsa,DF,26,32,2800,31.1,1,0,1,1,0,0,5,0,2.4,2.4,0.5,2.9,34,127,30,0.03,0,0.03,0.03,0.03,0.08,0.02,0.09,0.08,0.09,Aston-Villa
Douglas Luiz,MF,25,32,2734,30.4,9,5,14,5,4,4,11,0,6.8,3.7,4.8,8.5,59,163,48,0.3,0.16,0.46,0.16,0.33,0.22,0.16,0.38,0.12,0.28,Aston-Villa
John McGinn,"MF,FW",29,32,2733,30.4,6,4,10,6,0,0,7,1,4.9,4.9,4.3,9.3,54,174,80,0.2,0.13,0.33,0.2,0.33,0.16,0.14,0.31,0.16,0.31,Aston-Villa
Pau Torres,DF,27,25,2284,25.4,2,0,2,2,0,0,1,0,1,1,0.4,1.4,39,123,16,0.08,0,0.08,0.08,0.08,0.04,0.02,0.06,0.04,0.06,Aston-Villa
Lucas Digne,DF,30,24,2141,23.8,1,3,4,1,0,0,6,0,1.1,1.1,3.8,4.8,39,71,188,0.04,0.13,0.17,0.04,0.17,0.04,0.16,0.2,0.04,0.2,Aston-Villa
Matty Cash,DF,26,23,2077,23.1,2,2,4,2,0,0,7,0,4.2,4.2,2.3,6.5,60,87,93,0.09,0.09,0.17,0.09,0.17,0.18,0.1,0.28,0.18,0.28,Aston-Villa
Moussa Diaby,"FW,MF",24,22,1926,21.4,6,7,13,6,0,0,1,0,6.1,6.1,5.7,11.7,83,65,169,0.28,0.33,0.61,0.28,0.61,0.28,0.26,0.55,0.28,0.55,Aston-Villa
Leon Bailey,"MF,FW",26,20,1888,21,10,9,19,10,0,0,5,0,6.1,6.1,7.9,14,100,75,220,0.48,0.43,0.91,0.48,0.91,0.29,0.38,0.67,0.29,0.67,Aston-Villa
Boubacar Kamara,MF,24,20,1652,18.4,0,1,1,0,0,0,7,1,0.1,0.1,1.3,1.4,19,83,10,0,0.05,0.05,0,0.05,0.01,0.07,0.08,0.01,0.08,Aston-Villa
Diego Carlos,DF,31,17,1546,17.2,0,0,0,0,0,0,4,0,0.9,0.9,0.1,1,4,55,1,0,0,0,0,0,0.05,0,0.06,0.05,0.06,Aston-Villa
Youri Tielemans,"MF,FW",26,16,1558,17.3,1,6,7,1,0,0,3,0,1.1,1.1,2.6,3.7,23,126,46,0.06,0.35,0.4,0.06,0.4,0.07,0.15,0.21,0.07,0.21,Aston-Villa
Clément Lenglet,DF,28,13,1063,11.8,0,1,1,0,0,0,2,0,0.9,0.9,0.8,1.6,26,50,1,0,0.08,0.08,0,0.08,0.07,0.06,0.14,0.07,0.14,Aston-Villa
Álex Moreno,DF,30,11,1030,11.4,2,0,2,2,0,0,2,0,1.1,1.1,1.1,2.3,31,23,83,0.17,0,0.17,0.17,0.17,0.1,0.1,0.2,0.1,0.2,Aston-Villa
Nicolò Zaniolo,"FW,MF",24,9,825,9.2,2,0,2,2,0,0,7,0,2.3,2.3,0.9,3.2,35,30,59,0.22,0,0.22,0.22,0.22,0.25,0.1,0.35,0.25,0.35,Aston-Villa
Jacob Ramsey,"FW,MF",22,8,853,9.5,1,1,2,1,0,0,2,0,2.2,2.2,1,3.2,33,28,69,0.11,0.11,0.21,0.11,0.21,0.23,0.11,0.34,0.23,0.34,Aston-Villa
Morgan Rogers,"MF,FW",21,7,613,6.8,3,1,4,3,0,0,3,0,1.4,1.4,0.6,1.9,22,27,30,0.44,0.15,0.59,0.44,0.59,0.2,0.09,0.29,0.2,0.29,Aston-Villa
Squad Total,,27.7,385,3150,35,69,52,121,65,4,4,88,2,59.3,56.2,44.8,101.1,735,1382,1370,1.97,1.49,3.46,1.86,3.34,1.69,1.28,2.98,1.61,2.89,Aston-Villa
Opponent Total,,27,385,3150,35,49,40,89,48,1,1,90,4,53.1,52.4,44.2,96.5,582,1136,1114,1.4,1.14,2.54,1.37,2.51,1.52,1.26,2.78,1.5,2.76,Aston-Villa
Pedro Porro,DF,24,30,2654,29.5,1,7,8,1,0,0,3,0,2.6,2.6,6.7,9.2,46,154,133,0.03,0.24,0.27,0.03,0.27,0.09,0.23,0.31,0.09,0.31,Tottenham-Hotspur
Son Heung-min,FW,31,29,2487,27.6,16,9,25,14,2,2,1,0,10.4,8.8,8.7,17.5,87,113,270,0.58,0.33,0.9,0.51,0.83,0.38,0.31,0.69,0.32,0.63,Tottenham-Hotspur
Destiny Udogie,DF,21,28,2391,26.6,2,3,5,2,0,0,7,1,2.4,2.4,2.2,4.6,83,155,138,0.08,0.11,0.19,0.08,0.19,0.09,0.08,0.17,0.09,0.17,Tottenham-Hotspur
Cristian Romero,DF,26,28,2340,26,5,0,5,5,0,0,6,1,2.6,2.6,0.4,3,30,158,4,0.19,0,0.19,0.19,0.19,0.1,0.01,0.11,0.1,0.11,Tottenham-Hotspur
Dejan Kulusevski,"FW,MF",24,27,2412,26.8,6,3,9,6,0,0,7,0,3.6,3.6,7.2,10.7,137,133,342,0.22,0.11,0.34,0.22,0.34,0.13,0.27,0.4,0.13,0.4,Tottenham-Hotspur
Yves Bissouma,MF,27,23,1842,20.5,0,0,0,0,0,0,9,2,1.4,1.4,0.4,1.8,41,146,11,0,0,0,0,0,0.07,0.02,0.09,0.07,0.09,Tottenham-Hotspur
James Maddison,MF,27,23,1814,20.2,4,7,11,4,0,0,4,0,4.7,4.7,4.9,9.6,54,191,126,0.2,0.35,0.55,0.2,0.55,0.23,0.24,0.48,0.23,0.48,Tottenham-Hotspur
Micky van de Ven,DF,23,22,1889,21,2,0,2,2,0,0,3,0,0.4,0.4,0,0.4,13,85,2,0.1,0,0.1,0.1,0.1,0.02,0,0.02,0.02,0.02,Tottenham-Hotspur
Pape Matar Sarr,MF,21,22,1697,18.9,3,3,6,3,0,0,6,0,2.9,2.9,2.1,5.1,35,124,76,0.16,0.16,0.32,0.16,0.32,0.16,0.11,0.27,0.16,0.27,Tottenham-Hotspur
Brennan Johnson,FW,22,18,1648,18.3,5,7,12,5,0,0,3,0,8,8,5.4,13.4,78,59,223,0.27,0.38,0.66,0.27,0.66,0.43,0.3,0.73,0.43,0.73,Tottenham-Hotspur
Richarlison,FW,26,17,1399,15.5,10,3,13,10,0,0,3,0,8.9,8.9,1.8,10.7,24,34,101,0.64,0.19,0.84,0.64,0.84,0.57,0.11,0.69,0.57,0.69,Tottenham-Hotspur
Ben Davies,DF,31,12,1090,12.1,1,0,1,1,0,0,2,0,2.3,2.3,0.4,2.7,13,71,20,0.08,0,0.08,0.08,0.08,0.19,0.03,0.23,0.19,0.23,Tottenham-Hotspur
Timo Werner,FW,28,10,809,9,2,3,5,2,0,0,1,0,3.7,3.7,2.7,6.4,79,41,124,0.22,0.33,0.56,0.22,0.56,0.41,0.3,0.72,0.41,0.72,Tottenham-Hotspur
Rodrigo Bentancur,MF,26,10,772,8.6,1,1,2,1,0,0,6,0,1.2,1.2,0.5,1.7,11,59,29,0.12,0.12,0.23,0.12,0.23,0.14,0.06,0.2,0.14,0.2,Tottenham-Hotspur
Emerson,DF,25,9,1001,11.1,1,0,1,1,0,0,3,0,0.2,0.2,0.4,0.6,20,46,32,0.09,0,0.09,0.09,0.09,0.01,0.04,0.05,0.01,0.05,Tottenham-Hotspur
Pierre Højbjerg,MF,28,7,1171,13,0,0,0,0,0,0,4,0,0.6,0.6,0.9,1.5,15,118,26,0,0,0,0,0,0.04,0.07,0.12,0.04,0.12,Tottenham-Hotspur
Squad Total,,26,363,2970,33,62,51,113,60,2,2,81,4,57.8,56.3,48.6,105,838,1819,1812,1.88,1.55,3.42,1.82,3.36,1.75,1.47,3.23,1.71,3.18,Tottenham-Hotspur
Opponent Total,,27.4,363,2970,33,49,33,82,43,6,6,89,4,53.9,49.7,36,85.7,465,953,941,1.48,1,2.48,1.3,2.3,1.63,1.09,2.72,1.51,2.6,Tottenham-Hotspur
Bruno Fernandes,"MF,FW",29,33,2970,33,10,7,17,6,4,5,8,0,9.9,6,11.3,17.3,79,281,175,0.3,0.21,0.52,0.18,0.39,0.3,0.34,0.64,0.18,0.52,Manchester-United
Diogo Dalot,DF,25,31,2814,31.3,1,3,4,1,0,0,6,1,1.1,1.1,2.7,3.7,47,112,101,0.03,0.1,0.13,0.03,0.13,0.04,0.08,0.12,0.04,0.12,Manchester-United
Marcus Rashford,FW,26,26,2247,25,7,2,9,5,2,2,2,0,7.3,5.7,2.3,8,93,63,183,0.28,0.08,0.36,0.2,0.28,0.29,0.09,0.38,0.23,0.32,Manchester-United
Alejandro Garnacho,FW,19,26,2213,24.6,7,4,11,7,0,0,4,0,7.6,7.6,5,12.6,150,58,242,0.28,0.16,0.45,0.28,0.45,0.31,0.2,0.51,0.31,0.51,Manchester-United
Rasmus Højlund,FW,21,23,1953,21.7,8,2,10,8,0,0,2,0,7.3,7.3,1.5,8.8,32,29,100,0.37,0.09,0.46,0.37,0.46,0.34,0.07,0.41,0.34,0.41,Manchester-United
Casemiro,"MF,DF",32,20,1622,18,1,2,3,1,0,0,5,0,3.2,3.2,0.9,4.1,10,98,35,0.06,0.11,0.17,0.06,0.17,0.18,0.05,0.23,0.18,0.23,Manchester-United
Kobbie Mainoo,MF,19,20,1588,17.6,2,1,3,2,0,0,3,0,0.4,0.4,0.5,0.9,14,51,24,0.11,0.06,0.17,0.11,0.17,0.02,0.03,0.05,0.02,0.05,Manchester-United
Harry Maguire,DF,31,18,1653,18.4,2,2,4,2,0,0,4,0,2,2,1.2,3.3,20,73,2,0.11,0.11,0.22,0.11,0.22,0.11,0.07,0.18,0.11,0.18,Manchester-United
Aaron Wan-Bissaka,DF,26,16,1424,15.8,0,2,2,0,0,0,4,0,0.1,0.1,1.3,1.4,24,61,44,0,0.13,0.13,0,0.13,0,0.09,0.09,0,0.09,Manchester-United
Raphaël Varane,DF,31,16,1353,15,1,0,1,1,0,0,2,0,1.3,1.3,0.1,1.3,16,58,2,0.07,0,0.07,0.07,0.07,0.08,0,0.09,0.08,0.09,Manchester-United
Scott McTominay,"MF,FW",27,15,1631,18.1,7,1,8,7,0,0,2,0,5.3,5.3,0.7,5.9,21,57,39,0.39,0.06,0.44,0.39,0.44,0.29,0.04,0.33,0.29,0.33,Manchester-United
Victor Lindelöf,DF,29,14,1328,14.8,1,1,2,1,0,0,2,0,0.8,0.8,0.3,1.1,17,40,17,0.07,0.07,0.14,0.07,0.14,0.05,0.02,0.07,0.05,0.07,Manchester-United
Antony,FW,24,14,1244,13.8,1,1,2,1,0,0,5,0,3.3,3.3,2.7,6.1,51,63,142,0.07,0.07,0.14,0.07,0.14,0.24,0.2,0.44,0.24,0.44,Manchester-United
Jonny Evans,DF,36,12,1106,12.3,0,1,1,0,0,0,2,0,0.1,0.1,1.2,1.2,5,32,1,0,0.08,0.08,0,0.08,0,0.09,0.1,0,0.1,Manchester-United
Luke Shaw,DF,28,12,959,10.7,0,0,0,0,0,0,6,0,0,0,1,1,10,45,30,0,0,0,0,0,0,0.09,0.1,0,0.1,Manchester-United
Christian Eriksen,MF,32,11,1030,11.4,1,1,2,1,0,0,1,0,0.9,0.9,2,2.9,19,61,21,0.09,0.09,0.17,0.09,0.17,0.08,0.17,0.25,0.08,0.25,Manchester-United
Sofyan Amrabat,"MF,DF",27,7,663,7.4,0,0,0,0,0,0,3,0,0.1,0.1,0.2,0.2,5,52,9,0,0,0,0,0,0.01,0.02,0.03,0.01,0.03,Manchester-United
Lisandro Martínez,DF,26,7,580,6.4,0,1,1,0,0,0,3,0,0,0,0.1,0.1,8,28,1,0,0.16,0.16,0,0.16,0,0.01,0.01,0,0.01,Manchester-United
Squad Total,,26.9,374,3060,34,52,33,85,46,6,7,76,1,52.8,47.3,37.4,84.7,672,1353,1341,1.53,0.97,2.5,1.35,2.32,1.55,1.1,2.65,1.39,2.49,Manchester-United
Opponent Total,,27,374,3060,34,50,34,84,43,7,7,78,1,61.8,56.3,45.1,101.5,788,1413,1394,1.47,1,2.47,1.26,2.26,1.82,1.33,3.15,1.66,2.98,Manchester-United
Fabian Schär,DF,32,34,2937,32.6,4,1,5,4,0,0,4,0,2.4,2.4,0.7,3.2,27,126,20,0.12,0.03,0.15,0.12,0.15,0.07,0.02,0.1,0.07,0.1,Newcastle-United
Bruno Guimarães,MF,26,33,2903,32.3,5,6,11,5,0,0,9,0,3.7,3.7,5.4,9,57,250,62,0.16,0.19,0.34,0.16,0.34,0.11,0.17,0.28,0.11,0.28,Newcastle-United
Anthony Gordon,FW,23,31,2626,29.2,10,9,19,9,1,1,11,1,9.1,8.3,6.8,15.1,121,88,209,0.34,0.31,0.65,0.31,0.62,0.31,0.23,0.55,0.29,0.52,Newcastle-United
Dan Burn,DF,31,28,2366,26.3,2,2,4,2,0,0,3,0,2.7,2.7,1.1,3.9,13,68,25,0.08,0.08,0.15,0.08,0.15,0.1,0.04,0.15,0.1,0.15,Newcastle-United
Sean Longstaff,MF,26,26,2438,27.1,4,2,6,4,0,0,7,0,4.7,4.7,1.9,6.5,17,125,105,0.15,0.07,0.22,0.15,0.22,0.17,0.07,0.24,0.17,0.24,Newcastle-United
Kieran Trippier,DF,33,25,2163,24,1,10,11,1,0,0,5,0,0.7,0.7,7.4,8.1,34,151,123,0.04,0.42,0.46,0.04,0.46,0.03,0.31,0.34,0.03,0.34,Newcastle-United
Alexander Isak,FW,24,23,1942,21.6,19,1,20,14,5,5,1,0,17.3,13.3,2.2,15.6,57,63,111,0.88,0.05,0.93,0.65,0.7,0.8,0.1,0.9,0.62,0.72,Newcastle-United
Miguel Almirón,FW,30,23,1848,20.5,3,1,4,3,0,0,1,0,4.5,4.5,2.6,7.1,77,75,157,0.15,0.05,0.19,0.15,0.19,0.22,0.13,0.34,0.22,0.34,Newcastle-United
Sven Botman,DF,24,15,1377,15.3,2,2,4,2,0,0,2,0,0.6,0.6,1,1.6,0,35,5,0.13,0.13,0.26,0.13,0.26,0.04,0.07,0.11,0.04,0.11,Newcastle-United
Lewis Miley,MF,18,14,1202,13.4,1,3,4,1,0,0,1,0,1.2,1.2,1.7,2.9,14,53,54,0.07,0.22,0.3,0.07,0.3,0.09,0.13,0.22,0.09,0.22,Newcastle-United
Joelinton,"MF,FW",27,14,1133,12.6,2,1,3,2,0,0,5,0,2.3,2.3,2,4.3,21,47,58,0.16,0.08,0.24,0.16,0.24,0.18,0.16,0.34,0.18,0.34,Newcastle-United
Jamaal Lascelles,DF,30,13,1080,12,1,0,1,1,0,0,4,0,0.7,0.7,0.1,0.8,8,31,3,0.08,0,0.08,0.08,0.08,0.06,0.01,0.07,0.06,0.07,Newcastle-United
Valentino Livramento,DF,21,10,1134,12.6,1,0,1,1,0,0,1,0,0.3,0.3,0.7,1,38,44,66,0.08,0,0.08,0.08,0.08,0.02,0.05,0.08,0.02,0.08,Newcastle-United
Jacob Murphy,"FW,DF",29,10,926,10.3,2,4,6,2,0,0,1,0,1.3,1.3,3.2,4.5,27,44,78,0.19,0.39,0.58,0.19,0.58,0.12,0.31,0.43,0.12,0.43,Newcastle-United
Callum Wilson,FW,32,8,913,10.1,8,1,9,6,2,2,2,0,7.9,6.3,0.5,6.8,11,7,67,0.79,0.1,0.89,0.59,0.69,0.77,0.05,0.82,0.62,0.67,Newcastle-United
Elliot Anderson,"MF,FW",21,8,831,9.2,0,1,1,0,0,0,1,0,1.4,1.4,1,2.4,30,48,56,0,0.11,0.11,0,0.11,0.15,0.11,0.26,0.15,0.26,Newcastle-United
Squad Total,,28,374,3060,34,72,47,119,64,8,8,67,1,64.9,58.6,43,101.5,642,1381,1372,2.12,1.38,3.5,1.88,3.26,1.91,1.26,3.17,1.72,2.99,Newcastle-United
Opponent Total,,27,374,3060,34,54,42,96,50,4,5,84,3,56.4,52.4,42.3,94.7,615,1213,1198,1.59,1.24,2.82,1.47,2.71,1.66,1.24,2.9,1.54,2.78,Newcastle-United
Vladimír Coufal,DF,31,33,2862,31.8,0,7,7,0,0,0,7,1,0.3,0.3,3.2,3.5,62,111,118,0,0.22,0.22,0,0.22,0.01,0.1,0.11,0.01,0.11,West-Ham-United
Emerson Palmieri,DF,29,32,2894,32.2,1,2,3,1,0,0,8,0,1.1,1.1,2.3,3.4,54,115,114,0.03,0.06,0.09,0.03,0.09,0.03,0.07,0.11,0.03,0.11,West-Ham-United
Jarrod Bowen,FW,27,32,2839,31.5,16,6,22,16,0,0,2,0,9.9,9.9,4.9,14.8,83,49,176,0.51,0.19,0.7,0.51,0.7,0.31,0.16,0.47,0.31,0.47,West-Ham-United
James Ward-Prowse,MF,29,32,2776,30.8,6,7,13,4,2,2,4,0,5.8,4.2,7.7,11.9,18,133,60,0.19,0.23,0.42,0.13,0.36,0.19,0.25,0.44,0.14,0.39,West-Ham-United
Tomáš Souček,MF,29,31,2600,28.9,6,2,8,6,0,0,7,0,6.5,6.5,1.5,8,7,77,36,0.21,0.07,0.28,0.21,0.28,0.22,0.05,0.28,0.22,0.28,West-Ham-United
Kurt Zouma,DF,29,29,2568,28.5,3,0,3,3,0,0,3,0,1.8,1.8,0.2,2,7,50,1,0.11,0,0.11,0.11,0.11,0.06,0.01,0.07,0.06,0.07,West-Ham-United
Lucas Paquetá,"FW,MF",26,28,2379,26.4,4,6,10,2,2,2,9,0,5.3,3.7,4.9,8.7,32,170,109,0.15,0.23,0.38,0.08,0.3,0.2,0.19,0.39,0.14,0.33,West-Ham-United
Edson Álvarez,MF,26,27,2312,25.7,1,1,2,1,0,0,10,0,1.3,1.3,0.6,1.9,20,89,26,0.04,0.04,0.08,0.04,0.08,0.05,0.02,0.07,0.05,0.07,West-Ham-United
Kudus Mohammed,"FW,MF",23,24,2214,24.6,7,5,12,7,0,0,6,0,4.1,4.1,3,7.1,100,75,193,0.28,0.2,0.49,0.28,0.49,0.17,0.12,0.29,0.17,0.29,West-Ham-United
Nayef Aguerd,DF,28,21,1857,20.6,1,0,1,1,0,0,3,1,1.5,1.5,0.3,1.8,10,68,3,0.05,0,0.05,0.05,0.05,0.07,0.01,0.09,0.07,0.09,West-Ham-United
Michail Antonio,FW,34,18,1472,16.4,6,2,8,6,0,0,6,0,5.5,5.5,0.9,6.3,45,21,96,0.37,0.12,0.49,0.37,0.49,0.33,0.05,0.39,0.33,0.39,West-Ham-United
Konstantinos Mavropanos,DF,26,15,1410,15.7,1,0,1,1,0,0,2,0,1.2,1.2,0.2,1.4,10,38,2,0.06,0,0.06,0.06,0.06,0.08,0.01,0.09,0.08,0.09,West-Ham-United
Squad Total,,29.1,385,3150,35,54,39,93,50,4,5,77,3,47.9,44,32.1,76.1,514,1129,1114,1.54,1.11,2.66,1.43,2.54,1.37,0.92,2.29,1.26,2.17,West-Ham-United
Opponent Total,,26.9,385,3150,35,61,43,104,53,8,10,67,2,64.8,56.9,45.5,102.4,875,1886,1876,1.74,1.23,2.97,1.51,2.74,1.85,1.3,3.15,1.63,2.93,West-Ham-United
Conor Gallagher,MF,24,32,2691,29.9,4,6,10,4,0,0,8,1,3.1,3.1,4.8,7.9,56,152,113,0.13,0.2,0.33,0.13,0.33,0.1,0.16,0.26,0.1,0.26,Chelsea
Axel Disasi,DF,26,29,2571,28.6,2,0,2,2,0,0,6,0,2.4,2.4,0.3,2.7,30,112,21,0.07,0,0.07,0.07,0.07,0.09,0.01,0.09,0.09,0.09,Chelsea
Moisés Caicedo,MF,22,28,2443,27.1,0,1,1,0,0,0,10,0,0.4,0.4,1.5,1.9,19,141,22,0,0.04,0.04,0,0.04,0.01,0.06,0.07,0.01,0.07,Chelsea
Nicolas Jackson,FW,22,26,2351,26.1,10,4,14,10,0,0,9,0,14.8,14.8,3.6,18.4,51,57,158,0.38,0.15,0.54,0.38,0.54,0.56,0.14,0.7,0.56,0.7,Chelsea
Enzo Fernández,MF,23,26,2209,24.5,3,2,5,2,1,2,7,0,6.2,4.6,3.4,8,52,210,54,0.12,0.08,0.2,0.08,0.16,0.25,0.14,0.39,0.19,0.33,Chelsea
Thiago Silva,DF,39,25,2264,25.2,3,0,3,3,0,0,4,0,0.6,0.6,0.6,1.2,2,89,3,0.12,0,0.12,0.12,0.12,0.02,0.02,0.05,0.02,0.05,Chelsea
Cole Palmer,"FW,MF",21,24,2162,24,20,9,29,11,9,9,7,0,15.6,8.5,8.3,16.7,94,162,156,0.83,0.37,1.21,0.46,0.83,0.65,0.34,0.99,0.35,0.7,Chelsea
Raheem Sterling,"FW,MF",29,21,1875,20.8,6,4,10,6,0,0,6,0,6.2,6.2,4.2,10.3,115,73,238,0.29,0.19,0.48,0.29,0.48,0.3,0.2,0.5,0.3,0.5,Chelsea
Levi Colwill,DF,21,20,1797,20,1,1,2,1,0,0,2,0,1.3,1.3,1.2,2.5,23,73,27,0.05,0.05,0.1,0.05,0.1,0.06,0.06,0.12,0.06,0.12,Chelsea
Malo Gusto,DF,20,18,1615,17.9,0,5,5,0,0,0,6,1,0.7,0.7,3.8,4.6,72,81,124,0,0.28,0.28,0,0.28,0.04,0.21,0.25,0.04,0.25,Chelsea
Marc Cucurella,DF,25,15,1332,14.8,0,1,1,0,0,0,8,0,1.1,1.1,1,2.1,24,39,61,0,0.07,0.07,0,0.07,0.08,0.07,0.14,0.08,0.14,Chelsea
Mykhailo Mudryk,FW,23,14,1314,14.6,4,2,6,4,0,0,5,0,3.6,3.6,3.3,6.9,79,41,122,0.27,0.14,0.41,0.27,0.41,0.25,0.22,0.47,0.25,0.47,Chelsea
Benoît Badiashile,DF,23,10,921,10.2,0,1,1,0,0,0,2,0,0.2,0.2,1.5,1.7,1,37,2,0,0.1,0.1,0,0.1,0.02,0.14,0.17,0.02,0.17,Chelsea
Ben Chilwell,DF,27,9,756,8.4,0,1,1,0,0,0,5,0,1.2,1.2,2.2,3.4,22,25,59,0,0.12,0.12,0,0.12,0.14,0.26,0.41,0.14,0.41,Chelsea
Noni Madueke,FW,22,8,700,7.8,4,1,5,3,1,1,2,0,1.7,0.9,1.2,2.1,57,31,97,0.51,0.13,0.64,0.39,0.51,0.21,0.16,0.37,0.11,0.27,Chelsea
Squad Total,,25,363,2970,33,62,40,102,51,11,12,101,3,63.9,54.5,42.9,97.4,757,1421,1406,1.88,1.21,3.09,1.55,2.76,1.94,1.3,3.24,1.65,2.95,Chelsea
Opponent Total,,27.1,363,2970,33,57,40,97,54,3,5,89,4,50.6,46.6,36.4,83,615,1142,1126,1.73,1.21,2.94,1.64,2.85,1.53,1.1,2.63,1.41,2.51,Chelsea
Dominic Solanke,FW,26,35,3113,34.6,18,3,21,16,2,3,3,0,18.6,16.2,3,19.2,49,58,173,0.52,0.09,0.61,0.46,0.55,0.54,0.09,0.62,0.47,0.56,Bournemouth
Illia Zabarnyi,DF,21,34,3060,34,1,0,1,1,0,0,5,0,1.1,1.1,0.4,1.5,21,100,1,0.03,0,0.03,0.03,0.03,0.03,0.01,0.04,0.03,0.04,Bournemouth
Ryan Christie,MF,29,32,2648,29.4,0,5,5,0,0,0,5,0,1.9,1.9,5.2,7.2,57,155,74,0,0.17,0.17,0,0.17,0.07,0.18,0.24,0.07,0.24,Bournemouth
Lewis Cook,MF,27,29,2516,28,0,3,3,0,0,0,5,1,0.3,0.3,3.6,3.9,19,131,13,0,0.11,0.11,0,0.11,0.01,0.13,0.14,0.01,0.14,Bournemouth
Marcus Tavernier,FW,25,24,2036,22.6,3,4,7,3,0,0,3,0,3.8,3.8,4.9,8.7,76,82,168,0.13,0.18,0.31,0.13,0.31,0.17,0.22,0.38,0.17,0.38,Bournemouth
Marcos Senesi,DF,26,23,1990,22.1,4,4,8,4,0,0,11,0,1.9,1.9,1.4,3.3,26,109,3,0.18,0.18,0.36,0.18,0.36,0.09,0.06,0.15,0.09,0.15,Bournemouth
Adam Smith,DF,33,23,1983,22,0,2,2,0,0,0,5,0,0.1,0.1,1.3,1.4,23,83,28,0,0.09,0.09,0,0.09,0,0.06,0.06,0,0.06,Bournemouth
Justin Kluivert,"MF,FW",24,23,1704,18.9,7,1,8,7,0,0,5,0,5.9,5.9,1.8,7.7,59,44,104,0.37,0.05,0.42,0.37,0.42,0.31,0.1,0.41,0.31,0.41,Bournemouth
Antoine Semenyo,FW,24,22,1835,20.4,8,2,10,8,0,0,5,0,4.3,4.3,3,7.2,76,55,162,0.39,0.1,0.49,0.39,0.49,0.21,0.14,0.36,0.21,0.36,Bournemouth
Milos Kerkez,DF,20,21,1880,20.9,0,1,1,0,0,0,3,1,1.2,1.2,0.7,1.9,44,44,92,0,0.05,0.05,0,0.05,0.06,0.03,0.09,0.06,0.09,Bournemouth
Lloyd Kelly,DF,25,16,1462,16.2,0,1,1,0,0,0,2,0,0.3,0.3,1.2,1.5,15,54,26,0,0.06,0.06,0,0.06,0.02,0.08,0.09,0.02,0.09,Bournemouth
Philip Billing,MF,27,13,1356,15.1,2,2,4,2,0,0,3,1,2.4,2.4,3.2,5.6,21,52,61,0.13,0.13,0.27,0.13,0.27,0.16,0.21,0.37,0.16,0.37,Bournemouth
Max Aarons,DF,24,12,1166,13,0,1,1,0,0,0,1,0,0,0,0.8,0.9,22,42,25,0,0.08,0.08,0,0.08,0,0.06,0.07,0,0.07,Bournemouth
Dango Ouattara,"FW,DF",22,10,1041,11.6,1,2,3,1,0,0,2,0,2.2,2.2,1.5,3.7,41,31,75,0.09,0.17,0.26,0.09,0.26,0.19,0.13,0.32,0.19,0.32,Bournemouth
Alex Scott,MF,20,10,912,10.1,1,1,2,1,0,0,2,0,0.7,0.7,1.5,2.1,24,43,31,0.1,0.1,0.2,0.1,0.2,0.07,0.14,0.21,0.07,0.21,Bournemouth
Luis Sinisterra,"FW,MF",24,7,699,7.8,2,2,4,2,0,0,0,0,2.5,2.5,2.4,5,51,38,85,0.26,0.26,0.52,0.26,0.52,0.33,0.31,0.64,0.33,0.64,Bournemouth
Squad Total,,26.5,385,3150,35,51,38,89,49,2,3,71,3,52.6,50.2,38.2,88.4,657,1221,1205,1.46,1.09,2.54,1.4,2.49,1.5,1.09,2.59,1.44,2.53,Bournemouth
Opponent Total,,27,385,3150,35,59,39,98,54,5,6,76,2,52.6,47.7,35.9,83.6,659,1388,1373,1.69,1.11,2.8,1.54,2.66,1.5,1.02,2.53,1.36,2.39,Bournemouth
Max Kilman,DF,26,35,3150,35,2,0,2,2,0,0,7,0,1.8,1.8,1.4,3.1,22,112,5,0.06,0,0.06,0.06,0.06,0.05,0.04,0.09,0.05,0.09,Wolverhampton-Wanderers
Nélson Semedo,"DF,MF",30,33,2877,32,0,1,1,0,0,0,9,0,1.3,1.3,1.7,3,98,125,145,0,0.03,0.03,0,0.03,0.04,0.05,0.09,0.04,0.09,Wolverhampton-Wanderers
Mario Lemina,MF,30,31,2743,30.5,4,1,5,4,0,0,11,1,4.5,4.5,1.5,6,32,72,47,0.13,0.03,0.16,0.13,0.16,0.15,0.05,0.2,0.15,0.2,Wolverhampton-Wanderers
João Gomes,MF,23,29,2379,26.4,2,1,3,2,0,0,10,0,1.5,1.5,1.1,2.6,25,90,35,0.08,0.04,0.11,0.08,0.11,0.06,0.04,0.1,0.06,0.1,Wolverhampton-Wanderers
Toti Gomes,DF,25,28,2503,27.8,1,3,4,1,0,0,6,0,1.6,1.6,1.1,2.8,17,73,9,0.04,0.11,0.14,0.04,0.14,0.06,0.04,0.1,0.06,0.1,Wolverhampton-Wanderers
Matheus Cunha,"FW,MF",24,26,2198,24.4,11,7,18,10,1,1,8,0,8.8,8,3.1,11.2,99,73,122,0.45,0.29,0.74,0.41,0.7,0.36,0.13,0.49,0.33,0.46,Wolverhampton-Wanderers
Rayan Aït-Nouri,"DF,MF",22,26,2102,23.4,2,1,3,2,0,0,7,0,3.1,3.1,2,5.1,61,92,87,0.09,0.04,0.13,0.09,0.13,0.13,0.08,0.22,0.13,0.22,Wolverhampton-Wanderers
Craig Dawson,DF,33,25,2209,24.5,1,1,2,1,0,0,7,0,1.5,1.5,1.4,2.9,1,49,4,0.04,0.04,0.08,0.04,0.08,0.06,0.06,0.12,0.06,0.12,Wolverhampton-Wanderers
Hwang Hee-chan,"FW,MF",28,22,1882,20.9,11,3,14,10,1,1,6,0,6.8,6.1,3,9.1,35,32,105,0.53,0.14,0.67,0.48,0.62,0.33,0.14,0.47,0.29,0.43,Wolverhampton-Wanderers
Pablo Sarabia,"MF,FW",31,20,1700,18.9,4,7,11,2,2,2,4,0,5.4,3.8,5.9,9.7,41,106,131,0.21,0.37,0.58,0.11,0.48,0.29,0.31,0.6,0.2,0.51,Wolverhampton-Wanderers
Pedro Neto,"FW,MF",24,18,1503,16.7,2,9,11,2,0,0,4,0,3.4,3.4,4.4,7.9,97,54,148,0.12,0.54,0.66,0.12,0.66,0.21,0.27,0.47,0.21,0.47,Wolverhampton-Wanderers
Tommy Doyle,MF,22,11,1203,13.4,0,0,0,0,0,0,2,0,0.4,0.4,0.4,0.8,20,78,17,0,0,0,0,0,0.03,0.03,0.06,0.03,0.06,Wolverhampton-Wanderers
Jean-Ricner Bellegarde,"MF,FW",25,9,806,9,2,1,3,2,0,0,0,1,1.4,1.4,0.8,2.2,25,37,43,0.22,0.11,0.33,0.22,0.33,0.15,0.09,0.25,0.15,0.25,Wolverhampton-Wanderers
Matt Doherty,"DF,MF",32,8,1043,11.6,1,0,1,1,0,0,2,0,0.7,0.7,1.3,2.1,12,27,62,0.09,0,0.09,0.09,0.09,0.06,0.12,0.18,0.06,0.18,Wolverhampton-Wanderers
Santiago Bueno,DF,25,8,719,8,0,0,0,0,0,0,1,0,0,0,0,0,3,10,1,0,0,0,0,0,0,0,0,0,0,Wolverhampton-Wanderers
Squad Total,,27.4,385,3150,35,45,36,81,41,4,4,94,3,44.3,41.2,30.6,71.8,632,1096,1079,1.29,1.03,2.31,1.17,2.2,1.27,0.87,2.14,1.18,2.05,Wolverhampton-Wanderers
Opponent Total,,27.2,385,3150,35,54,37,91,48,6,6,79,2,57,52.3,41.2,93.5,669,1582,1567,1.54,1.06,2.6,1.37,2.43,1.63,1.18,2.8,1.49,2.67,Wolverhampton-Wanderers
Pascal Groß,"MF,DF",32,30,2754,30.6,4,10,14,3,1,1,5,0,5.5,4.7,7.4,12.1,74,275,166,0.13,0.33,0.46,0.1,0.42,0.18,0.24,0.42,0.15,0.4,Brighton-and-Hove-Albion
Lewis Dunk,DF,32,30,2644,29.4,3,1,4,3,0,0,6,1,3,3,0.9,3.9,33,151,13,0.1,0.03,0.14,0.1,0.14,0.1,0.03,0.13,0.1,0.13,Brighton-and-Hove-Albion
Jan Paul van Hecke,DF,23,26,2369,26.3,0,0,0,0,0,0,4,0,1.2,1.2,0.9,2.1,25,147,7,0,0,0,0,0,0.05,0.03,0.08,0.05,0.08,Brighton-and-Hove-Albion
Simon Adingra,FW,22,21,1877,20.9,6,1,7,6,0,0,2,0,3.6,3.6,2.5,6.1,93,43,245,0.29,0.05,0.34,0.29,0.34,0.17,0.12,0.29,0.17,0.29,Brighton-and-Hove-Albion
Billy Gilmour,MF,22,21,1868,20.8,0,1,1,0,0,0,6,1,0.9,0.9,2,3,35,178,33,0,0.05,0.05,0,0.05,0.04,0.1,0.14,0.04,0.14,Brighton-and-Hove-Albion
Danny Welbeck,"FW,MF",33,18,1405,15.6,4,1,5,4,0,0,3,0,4.2,4.2,1.5,5.7,30,42,89,0.26,0.06,0.32,0.26,0.32,0.27,0.1,0.37,0.27,0.37,Brighton-and-Hove-Albion
João Pedro,"FW,MF",22,16,1775,19.7,8,2,10,4,4,4,2,0,9.5,6.4,3.1,9.5,70,79,183,0.41,0.1,0.51,0.2,0.3,0.48,0.16,0.64,0.32,0.48,Brighton-and-Hove-Albion
Kaoru Mitoma,FW,26,15,1486,16.5,3,4,7,3,0,0,4,0,3.5,3.5,2.7,6.2,121,64,239,0.18,0.24,0.42,0.18,0.42,0.21,0.16,0.37,0.21,0.37,Brighton-and-Hove-Albion
Joël Veltman,DF,32,15,1459,16.2,0,1,1,0,0,0,4,0,0.2,0.2,0.5,0.7,23,81,50,0,0.06,0.06,0,0.06,0.01,0.03,0.04,0.01,0.04,Brighton-and-Hove-Albion
Evan Ferguson,FW,19,15,1367,15.2,6,0,6,6,0,0,1,0,4.6,4.6,0.5,5.1,13,15,62,0.4,0,0.4,0.4,0.4,0.3,0.04,0.34,0.3,0.34,Brighton-and-Hove-Albion
Pervis Estupiñán,DF,26,15,1243,13.8,2,3,5,2,0,0,4,0,1,1,3.5,4.4,47,83,88,0.14,0.22,0.36,0.14,0.36,0.07,0.25,0.32,0.07,0.32,Brighton-and-Hove-Albion
Carlos Baleba,MF,20,14,1217,13.5,0,0,0,0,0,0,7,0,0.8,0.8,0.2,0.9,17,46,9,0,0,0,0,0,0.06,0.01,0.07,0.06,0.07,Brighton-and-Hove-Albion
Facundo Buonanotte,"FW,MF",19,14,1169,13,3,1,4,3,0,0,7,0,2.3,2.3,1.7,4.1,20,35,63,0.23,0.08,0.31,0.23,0.31,0.18,0.13,0.31,0.18,0.31,Brighton-and-Hove-Albion
Igor,DF,26,13,1277,14.2,0,0,0,0,0,0,4,0,0.3,0.3,0.7,0.9,26,93,11,0,0,0,0,0,0.02,0.05,0.07,0.02,0.07,Brighton-and-Hove-Albion
Adam Lallana,"MF,FW",35,12,794,8.8,0,1,1,0,0,0,2,0,0.5,0.5,1.7,2.2,9,38,53,0,0.11,0.11,0,0.11,0.06,0.19,0.25,0.06,0.25,Brighton-and-Hove-Albion
James Milner,"DF,MF",38,11,773,8.6,0,2,2,0,0,0,3,0,0.3,0.3,1.8,2,11,69,73,0,0.23,0.23,0,0.23,0.03,0.21,0.24,0.03,0.24,Brighton-and-Hove-Albion
Adam Webster,DF,29,9,784,8.7,0,0,0,0,0,0,2,0,0.3,0.3,0.1,0.4,11,65,2,0,0,0,0,0,0.03,0.01,0.04,0.03,0.04,Brighton-and-Hove-Albion
Tariq Lamptey,"DF,FW",23,9,769,8.5,0,3,3,0,0,0,3,0,0.4,0.4,0.6,1.1,30,14,51,0,0.35,0.35,0,0.35,0.05,0.07,0.13,0.05,0.13,Brighton-and-Hove-Albion
Jack Hinshelwood,DF,19,8,869,9.7,3,0,3,3,0,0,1,0,1.9,1.9,0.7,2.5,16,19,38,0.31,0,0.31,0.31,0.31,0.19,0.07,0.26,0.19,0.26,Brighton-and-Hove-Albion
Solly March,"FW,DF",29,7,554,6.2,3,1,4,3,0,0,1,0,2,2,1,2.9,14,24,44,0.49,0.16,0.65,0.49,0.65,0.32,0.16,0.47,0.32,0.47,Brighton-and-Hove-Albion
Squad Total,,26.7,374,3060,34,47,35,82,42,5,5,81,3,50,46.3,36.7,83,774,1639,1626,1.38,1.03,2.41,1.24,2.26,1.47,1.08,2.55,1.36,2.44,Brighton-and-Hove-Albion
Opponent Total,,27.1,374,3060,34,55,38,93,49,6,6,90,4,50.3,45.6,35,80.6,566,1043,1034,1.62,1.12,2.74,1.44,2.56,1.48,1.03,2.51,1.34,2.37,Brighton-and-Hove-Albion
Antonee Robinson,DF,26,34,3008,33.4,0,6,6,0,0,0,4,0,0.6,0.6,4.2,4.7,92,120,186,0,0.18,0.18,0,0.18,0.02,0.12,0.14,0.02,0.14,Fulham
Andreas Pereira,MF,28,32,2466,27.4,3,7,10,3,0,0,6,0,4.4,4.4,6.9,11.4,52,129,121,0.11,0.26,0.36,0.11,0.36,0.16,0.25,0.42,0.16,0.42,Fulham
João Palhinha,MF,28,28,2430,27,4,1,5,4,0,0,13,0,3.2,3.2,0.8,3.9,8,87,12,0.15,0.04,0.19,0.15,0.19,0.12,0.03,0.15,0.12,0.15,Fulham
Timothy Castagne,DF,28,27,2453,27.3,1,3,4,1,0,0,3,0,1.5,1.5,1.9,3.4,45,75,109,0.04,0.11,0.15,0.04,0.15,0.06,0.07,0.13,0.06,0.13,Fulham
Calvin Bassey,DF,24,22,2033,22.6,1,0,1,1,0,0,5,1,0.3,0.3,0,0.4,13,57,4,0.04,0,0.04,0.04,0.04,0.01,0,0.02,0.01,0.02,Fulham
Willian,FW,35,22,1945,21.6,4,2,6,2,2,2,1,0,5.1,3.6,3.9,7.5,89,150,179,0.19,0.09,0.28,0.09,0.19,0.24,0.18,0.42,0.16,0.35,Fulham
Alex Iwobi,"FW,MF",27,22,1923,21.4,5,2,7,5,0,0,2,0,5.1,5.1,4.3,9.3,95,134,159,0.23,0.09,0.33,0.23,0.33,0.24,0.2,0.44,0.24,0.44,Fulham
Tosin Adarabioyo,DF,26,18,1617,18,2,0,2,2,0,0,2,0,0.7,0.7,0.1,0.8,10,62,5,0.11,0,0.11,0.11,0.11,0.04,0.01,0.05,0.04,0.05,Fulham
Raúl Jiménez,FW,32,17,1279,14.2,5,0,5,5,0,0,3,1,4.5,4.5,1.4,5.9,10,19,77,0.35,0,0.35,0.35,0.35,0.32,0.1,0.41,0.32,0.41,Fulham
Rodrigo Muniz,FW,22,16,1463,16.3,9,1,10,9,0,0,1,0,8.4,8.4,2,10.5,8,17,71,0.55,0.06,0.62,0.55,0.62,0.52,0.13,0.64,0.52,0.64,Fulham
Tim Ream,DF,36,16,1413,15.7,1,0,1,1,0,0,4,1,1,1,0,1,11,65,3,0.06,0,0.06,0.06,0.06,0.06,0,0.06,0.06,0.06,Fulham
Bobby Reid,FW,31,16,1350,15,6,2,8,6,0,0,4,0,4.2,4.2,1.8,6,33,44,89,0.4,0.13,0.53,0.4,0.53,0.27,0.12,0.39,0.27,0.39,Fulham
Harry Wilson,FW,27,15,1512,16.8,3,4,7,3,0,0,6,0,3.2,3.2,3,6.2,36,55,123,0.18,0.24,0.42,0.18,0.42,0.19,0.18,0.37,0.19,0.37,Fulham
Tom Cairney,MF,33,14,1411,15.7,1,4,5,1,0,0,2,0,1.1,1.1,2.1,3.2,34,140,71,0.06,0.26,0.32,0.06,0.32,0.07,0.14,0.2,0.07,0.2,Fulham
Harrison Reed,MF,29,14,1251,13.9,0,1,1,0,0,0,5,0,0.3,0.3,1,1.2,9,52,37,0,0.07,0.07,0,0.07,0.02,0.07,0.09,0.02,0.09,Fulham
Issa Diop,DF,27,14,1245,13.8,0,0,0,0,0,0,2,0,0.3,0.3,0,0.3,11,65,1,0,0,0,0,0,0.02,0,0.02,0.02,0.02,Fulham
Saša Lukić,MF,27,12,1048,11.6,1,0,1,1,0,0,3,0,1.6,1.6,0.7,2.3,9,39,26,0.09,0,0.09,0.09,0.09,0.13,0.06,0.19,0.13,0.19,Fulham
Kenny Tete,DF,28,9,777,8.6,1,0,1,1,0,0,2,0,0.9,0.9,0.4,1.2,19,47,36,0.12,0,0.12,0.12,0.12,0.1,0.04,0.14,0.1,0.14,Fulham
Squad Total,,29.2,385,3150,35,50,36,86,48,2,2,76,3,48.3,46.8,35.9,82.6,613,1377,1364,1.43,1.03,2.46,1.37,2.4,1.38,1.02,2.41,1.34,2.36,Fulham
Opponent Total,,26.9,385,3150,35,51,33,84,45,6,6,59,0,57.1,52.6,40,92.6,627,1412,1397,1.46,0.94,2.4,1.29,2.23,1.63,1.14,2.77,1.5,2.65,Fulham
Joachim Andersen,DF,27,35,3149,35,2,3,5,2,0,0,6,0,1.7,1.7,2.7,4.3,21,139,10,0.06,0.09,0.14,0.06,0.14,0.05,0.08,0.12,0.05,0.12,Crystal-Palace
Tyrick Mitchell,"DF,MF",24,34,2955,32.8,1,3,4,1,0,0,6,0,0.9,0.9,2.4,3.3,22,88,133,0.03,0.09,0.12,0.03,0.12,0.03,0.07,0.1,0.03,0.1,Crystal-Palace
Jordan Ayew,"FW,MF",32,30,2534,28.2,4,7,11,4,0,0,9,1,3.8,3.8,4.2,8,74,63,173,0.14,0.25,0.39,0.14,0.39,0.14,0.15,0.28,0.14,0.28,Crystal-Palace
Jefferson Lerma,"MF,DF",29,27,2385,26.5,1,1,2,1,0,0,8,0,2.7,2.7,2.2,4.8,14,105,50,0.04,0.04,0.08,0.04,0.08,0.1,0.08,0.18,0.1,0.18,Crystal-Palace
Joel Ward,DF,34,23,1977,22,0,1,1,0,0,0,4,0,0.9,0.9,0.2,1.1,16,66,14,0,0.05,0.05,0,0.05,0.04,0.01,0.05,0.04,0.05,Crystal-Palace
Jean-Philippe Mateta,FW,26,22,2071,23,11,4,15,9,2,2,3,0,8.5,6.9,2.7,9.5,25,24,123,0.48,0.17,0.65,0.39,0.56,0.37,0.12,0.48,0.3,0.41,Crystal-Palace
Marc Guéhi,DF,23,22,1912,21.2,0,1,1,0,0,0,2,0,0.6,0.6,0.5,1.2,13,58,6,0,0.05,0.05,0,0.05,0.03,0.02,0.05,0.03,0.05,Crystal-Palace
Will Hughes,MF,29,21,1810,20.1,0,1,1,0,0,0,6,0,0.3,0.3,1.1,1.4,13,70,15,0,0.05,0.05,0,0.05,0.01,0.06,0.07,0.01,0.07,Crystal-Palace
Eberechi Eze,"MF,FW",25,21,1797,20,8,3,11,7,1,1,3,0,7.8,7,4.3,11.3,62,86,119,0.4,0.15,0.55,0.35,0.5,0.39,0.21,0.61,0.35,0.57,Crystal-Palace
Chris Richards,"DF,MF",24,20,1824,20.3,1,0,1,1,0,0,3,0,0.4,0.4,0.2,0.7,0,33,1,0.05,0,0.05,0.05,0.05,0.02,0.01,0.03,0.02,0.03,Crystal-Palace
Odsonne Édouard,"FW,MF",26,17,1496,16.6,7,0,7,7,0,0,3,0,6.2,6.2,1.1,7.4,32,35,92,0.42,0,0.42,0.42,0.42,0.37,0.07,0.44,0.37,0.44,Crystal-Palace
Jeffrey Schlupp,"FW,MF",31,17,1343,14.9,2,2,4,2,0,0,1,0,1.8,1.8,2.3,4.1,20,32,50,0.13,0.13,0.27,0.13,0.27,0.12,0.15,0.27,0.12,0.27,Crystal-Palace
Daniel Muñoz,"DF,MF",27,13,1169,13,0,1,1,0,0,0,3,0,0.8,0.8,1,1.8,17,25,59,0,0.08,0.08,0,0.08,0.06,0.08,0.14,0.06,0.14,Crystal-Palace
Adam Wharton,MF,19,12,1031,11.5,0,2,2,0,0,0,2,0,0.3,0.3,2.4,2.7,11,55,8,0,0.17,0.17,0,0.17,0.03,0.21,0.23,0.03,0.23,Crystal-Palace
Nathaniel Clyne,DF,33,11,1081,12,0,0,0,0,0,0,0,0,0.1,0.1,0,0.1,9,29,17,0,0,0,0,0,0.01,0,0.01,0.01,0.01,Crystal-Palace
Michael Olise,"FW,MF",22,11,1014,11.3,7,4,11,6,1,1,0,0,4,3.2,4.4,7.6,56,57,107,0.62,0.36,0.98,0.53,0.89,0.36,0.39,0.74,0.29,0.67,Crystal-Palace
Cheick Doucouré,MF,24,11,919,10.2,0,0,0,0,0,0,2,0,0.3,0.3,0.7,1,9,49,5,0,0,0,0,0,0.03,0.07,0.1,0.03,0.1,Crystal-Palace
Squad Total,,27.6,385,3150,35,44,34,78,40,4,4,67,1,41.8,38.6,33.3,71.9,454,1050,1035,1.26,0.97,2.23,1.14,2.11,1.19,0.95,2.14,1.1,2.05,Crystal-Palace
Opponent Total,,27,385,3150,35,55,46,101,52,3,3,70,2,49.2,46.9,38.8,85.7,638,1612,1593,1.57,1.31,2.89,1.49,2.8,1.41,1.11,2.52,1.34,2.45,Crystal-Palace
James Tarkowski,DF,31,35,3149,35,1,1,2,1,0,0,10,0,2.5,2.5,2.4,4.9,15,124,20,0.03,0.03,0.06,0.03,0.06,0.07,0.07,0.14,0.07,0.14,Everton
Jarrad Branthwaite,DF,21,32,2846,31.6,3,0,3,3,0,0,8,0,1.7,1.7,0.9,2.6,2,67,6,0.09,0,0.09,0.09,0.09,0.05,0.03,0.08,0.05,0.08,Everton
James Garner,MF,23,31,2770,30.8,1,2,3,1,0,0,6,0,2.3,2.3,4.4,6.7,32,93,66,0.03,0.06,0.1,0.03,0.1,0.08,0.14,0.22,0.08,0.22,Everton
Dwight McNeil,"MF,FW",24,30,2644,29.4,3,6,9,3,0,0,2,0,3.4,3.4,8.3,11.8,76,111,140,0.1,0.2,0.31,0.1,0.31,0.12,0.28,0.4,0.12,0.4,Everton
Abdoulaye Doucouré,"FW,MF",31,29,2419,26.9,6,1,7,6,0,0,6,0,7,7,2.8,9.9,53,91,130,0.22,0.04,0.26,0.22,0.26,0.26,0.1,0.37,0.26,0.37,Everton
Vitaliy Mykolenko,DF,24,28,2469,27.4,2,0,2,2,0,0,1,0,1.5,1.5,0.9,2.4,14,55,68,0.07,0,0.07,0.07,0.07,0.06,0.03,0.09,0.06,0.09,Everton
Jack Harrison,"MF,FW",27,24,2124,23.6,3,3,6,3,0,0,1,0,3.5,3.5,3.3,6.8,63,59,130,0.13,0.13,0.25,0.13,0.25,0.15,0.14,0.29,0.15,0.29,Everton
Ashley Young,"DF,MF",38,24,2034,22.6,0,0,0,0,0,0,7,1,0.6,0.6,1.5,2.1,39,72,58,0,0,0,0,0,0.03,0.07,0.09,0.03,0.09,Everton
Dominic Calvert-Lewin,FW,27,23,1940,21.6,6,1,7,5,1,1,1,0,11.3,10.5,1.7,12.2,29,29,104,0.28,0.05,0.32,0.23,0.28,0.52,0.08,0.6,0.49,0.56,Everton
Amadou Onana,MF,22,21,1875,20.8,2,0,2,2,0,0,5,0,1.8,1.8,2.7,4.5,20,101,35,0.1,0,0.1,0.1,0.1,0.09,0.13,0.21,0.09,0.21,Everton
Idrissa Gana Gueye,MF,34,21,1625,18.1,3,0,3,3,0,0,7,0,1.2,1.2,0.8,2,25,69,35,0.17,0,0.17,0.17,0.17,0.07,0.04,0.11,0.07,0.11,Everton
Ben Godfrey,DF,26,12,1030,11.4,0,0,0,0,0,0,2,0,1.7,1.7,0.3,2,11,39,26,0,0,0,0,0,0.15,0.02,0.17,0.15,0.17,Everton
Nathan Patterson,DF,22,9,1005,11.2,0,2,2,0,0,0,4,0,0.3,0.3,1.7,2,17,38,39,0,0.18,0.18,0,0.18,0.03,0.15,0.18,0.03,0.18,Everton
Beto,FW,26,9,939,10.4,3,0,3,3,0,1,2,0,6.8,6,0.9,6.9,14,14,58,0.29,0,0.29,0.29,0.29,0.65,0.09,0.74,0.58,0.66,Everton
Squad Total,,27.8,385,3150,35,37,16,53,36,1,2,75,1,49.6,48.1,35.1,83.2,466,1054,1044,1.06,0.46,1.51,1.03,1.49,1.42,1,2.42,1.37,2.38,Everton
Opponent Total,,27.1,385,3150,35,45,27,72,37,8,8,54,2,50.9,44.8,33.6,78.4,724,1488,1472,1.29,0.77,2.06,1.06,1.83,1.45,0.96,2.41,1.28,2.24,Everton
Vitaly Janelt,"MF,DF",25,34,2834,31.5,0,3,3,0,0,0,8,0,1.5,1.5,4.6,6.2,22,114,74,0,0.1,0.1,0,0.1,0.05,0.15,0.2,0.05,0.2,Brentford
Yoane Wissa,FW,27,28,2357,26.2,10,1,11,10,0,0,6,0,10.1,10.1,3.3,13.5,42,44,139,0.38,0.04,0.42,0.38,0.42,0.39,0.13,0.51,0.39,0.51,Brentford
Nathan Collins,DF,23,27,2472,27.5,1,1,2,1,0,0,3,0,1.7,1.7,1.8,3.5,11,90,17,0.04,0.04,0.07,0.04,0.07,0.06,0.07,0.13,0.06,0.13,Brentford
Christian Nørgaard,MF,30,27,2272,25.2,2,1,3,2,0,0,8,0,3.4,3.4,1.7,5.1,12,147,39,0.08,0.04,0.12,0.08,0.12,0.14,0.07,0.2,0.14,0.2,Brentford
Mathias Jensen,MF,28,26,2113,23.5,3,3,6,3,0,0,3,0,0.7,0.7,4,4.7,19,117,63,0.13,0.13,0.26,0.13,0.26,0.03,0.17,0.2,0.03,0.2,Brentford
Ethan Pinnock,DF,30,25,2251,25,2,0,2,2,0,0,1,0,1.9,1.9,1,2.9,11,56,15,0.08,0,0.08,0.08,0.08,0.08,0.04,0.11,0.08,0.11,Brentford
Mads Roerslev,DF,24,21,1849,20.5,1,2,3,1,0,0,1,0,0.9,0.9,1.7,2.6,16,38,85,0.05,0.1,0.15,0.05,0.15,0.05,0.08,0.13,0.05,0.13,Brentford
Kristoffer Ajer,DF,26,19,1726,19.2,2,1,3,2,0,0,5,0,1.3,1.3,2.3,3.6,20,57,31,0.1,0.05,0.16,0.1,0.16,0.07,0.12,0.19,0.07,0.19,Brentford
Bryan Mbeumo,FW,24,19,1690,18.8,8,5,13,5,3,3,2,0,9.2,6.9,4.1,10.9,61,77,164,0.43,0.27,0.69,0.27,0.53,0.49,0.22,0.71,0.37,0.58,Brentford
Ben Mee,DF,34,15,1272,14.1,2,0,2,2,0,0,1,1,1.5,1.5,0.3,1.8,11,49,9,0.14,0,0.14,0.14,0.14,0.1,0.02,0.13,0.1,0.13,Brentford
Keane Lewis-Potter,"FW,DF",23,13,1314,14.6,3,1,4,3,0,0,0,0,5.7,5.7,1.7,7.4,49,31,124,0.21,0.07,0.27,0.21,0.27,0.39,0.12,0.51,0.39,0.51,Brentford
Neal Maupay,FW,27,13,1304,14.5,6,3,9,6,0,0,7,0,5.7,5.7,2.3,8.1,20,36,90,0.41,0.21,0.62,0.41,0.62,0.39,0.16,0.56,0.39,0.56,Brentford
Ivan Toney,FW,28,13,1180,13.1,4,1,5,4,0,0,3,0,5.2,5.2,1.4,6.6,19,34,87,0.31,0.08,0.38,0.31,0.38,0.4,0.11,0.5,0.4,0.5,Brentford
Frank Onyeka,MF,26,11,1152,12.8,1,2,3,1,0,0,8,0,2.2,2.2,1.8,4,17,33,39,0.08,0.16,0.23,0.08,0.23,0.17,0.14,0.31,0.17,0.31,Brentford
Mathias Jørgensen,DF,34,11,997,11.1,1,0,1,1,0,0,4,0,0.7,0.7,0.9,1.6,4,43,4,0.09,0,0.09,0.09,0.09,0.07,0.08,0.15,0.07,0.15,Brentford
Sergio Reguilón,DF,27,11,865,9.6,0,4,4,0,0,0,3,1,0.8,0.8,2.7,3.4,26,27,33,0,0.42,0.42,0,0.42,0.08,0.28,0.36,0.08,0.36,Brentford
Aaron Hickey,DF,21,9,713,7.9,0,0,0,0,0,0,5,0,0.2,0.2,0.1,0.3,9,21,13,0,0,0,0,0,0.03,0.01,0.04,0.03,0.04,Brentford
Saman Ghoddos,DF,30,7,711,7.9,1,0,1,1,0,0,5,0,0.3,0.3,1.1,1.4,21,33,31,0.13,0,0.13,0.13,0.13,0.04,0.14,0.18,0.04,0.18,Brentford
Squad Total,,27.4,385,3150,35,50,34,84,47,3,3,82,2,55.4,53.2,40.3,93.5,447,1179,1172,1.43,0.97,2.4,1.34,2.31,1.58,1.15,2.73,1.52,2.67,Brentford
Opponent Total,,26.8,385,3150,35,60,46,106,58,2,2,68,4,50.6,49.1,40.3,89.3,767,1484,1469,1.71,1.31,3.03,1.66,2.97,1.45,1.15,2.6,1.4,2.55,Brentford
Morgan Gibbs-White,"MF,FW",24,32,2886,32.1,5,7,12,4,1,1,9,0,6.3,5.6,7.2,12.8,70,152,164,0.16,0.22,0.37,0.12,0.34,0.2,0.23,0.42,0.17,0.4,Nottingham-Forest
Murillo,DF,21,29,2519,28,0,2,2,0,0,0,5,0,1.7,1.7,1.2,2.9,19,82,7,0,0.07,0.07,0,0.07,0.06,0.04,0.1,0.06,0.1,Nottingham-Forest
Anthony Elanga,"FW,MF",22,23,2261,25.1,5,8,13,5,0,0,1,0,6.5,6.5,6.1,12.5,90,47,183,0.2,0.32,0.52,0.2,0.52,0.26,0.24,0.5,0.26,0.5,Nottingham-Forest
Orel Mangala,MF,26,19,1563,17.4,1,0,1,1,0,0,6,0,0.8,0.8,0.2,1.1,13,45,14,0.06,0,0.06,0.06,0.06,0.05,0.01,0.06,0.05,0.06,Nottingham-Forest
Nicolás Domínguez,"MF,FW",25,19,1489,16.5,2,2,4,2,0,0,3,0,1.3,1.3,1,2.3,13,90,41,0.12,0.12,0.24,0.12,0.24,0.08,0.06,0.14,0.08,0.14,Nottingham-Forest
Ryan Yates,MF,26,18,1774,19.7,0,0,0,0,0,0,6,0,2,2,0.4,2.4,16,69,36,0,0,0,0,0,0.1,0.02,0.12,0.1,0.12,Nottingham-Forest
Neco Williams,DF,23,18,1637,18.2,0,1,1,0,0,0,4,0,0.8,0.8,1.6,2.5,48,47,86,0,0.05,0.05,0,0.05,0.04,0.09,0.13,0.04,0.13,Nottingham-Forest
Ola Aina,DF,27,18,1512,16.8,1,1,2,1,0,0,3,0,0.2,0.2,0.9,1.1,45,57,34,0.06,0.06,0.12,0.06,0.12,0.01,0.05,0.06,0.01,0.06,Nottingham-Forest
Callum Hudson-Odoi,"FW,MF",23,17,1593,17.7,5,1,6,5,0,0,0,0,2.3,2.3,2.2,4.5,94,49,145,0.28,0.06,0.34,0.28,0.34,0.13,0.13,0.25,0.13,0.25,Nottingham-Forest
Chris Wood,FW,32,17,1555,17.3,12,1,13,12,0,0,0,0,9.2,9.2,2.1,11.3,14,27,63,0.69,0.06,0.75,0.69,0.75,0.53,0.12,0.65,0.53,0.65,Nottingham-Forest
Danilo,MF,23,17,1533,17,2,1,3,2,0,0,4,0,1.6,1.6,1.1,2.7,18,71,25,0.12,0.06,0.18,0.12,0.18,0.09,0.07,0.16,0.09,0.16,Nottingham-Forest
Willy Boly,DF,33,15,1168,13,1,0,1,1,0,0,3,1,1.4,1.4,1,2.4,4,23,2,0.08,0,0.08,0.08,0.08,0.11,0.07,0.18,0.11,0.18,Nottingham-Forest
Harry Toffolo,DF,28,14,1342,14.9,1,3,4,1,0,0,3,0,1.6,1.6,1.5,3.2,9,37,34,0.07,0.2,0.27,0.07,0.27,0.11,0.1,0.21,0.11,0.21,Nottingham-Forest
Moussa Niakhate,DF,28,14,1340,14.9,1,0,1,1,0,0,4,1,1.1,1.1,0.1,1.2,12,37,6,0.07,0,0.07,0.07,0.07,0.07,0.01,0.08,0.07,0.08,Nottingham-Forest
Ibrahim Sangaré,MF,26,13,1002,11.1,0,0,0,0,0,0,6,0,0.6,0.6,0.3,0.9,5,44,7,0,0,0,0,0,0.06,0.03,0.09,0.06,0.09,Nottingham-Forest
Taiwo Awoniyi,FW,26,12,1024,11.4,6,3,9,6,0,0,2,0,4.7,4.7,1.7,6.4,8,14,43,0.53,0.26,0.79,0.53,0.79,0.42,0.15,0.57,0.42,0.57,Nottingham-Forest
Serge Aurier,"DF,MF",31,10,833,9.3,0,2,2,0,0,0,2,0,0.2,0.2,0.5,0.6,10,47,29,0,0.22,0.22,0,0.22,0.02,0.05,0.07,0.02,0.07,Nottingham-Forest
Andrew Omobamidele,DF,21,8,783,8.7,0,0,0,0,0,0,2,0,0.1,0.1,0.1,0.2,1,8,0,0,0,0,0,0,0.02,0.01,0.03,0.02,0.03,Nottingham-Forest
Squad Total,,26.4,385,3150,35,42,36,78,41,1,1,79,3,45.3,44.5,34.1,78.6,543,1049,1031,1.2,1.03,2.23,1.17,2.2,1.29,0.97,2.27,1.27,2.24,Nottingham-Forest
Opponent Total,,27.3,385,3150,35,60,44,104,57,3,3,75,6,48.2,45.9,33.4,79.3,745,1750,1736,1.71,1.26,2.97,1.63,2.89,1.38,0.96,2.33,1.31,2.27,Nottingham-Forest
Alfie Doughty,DF,24,31,2659,29.5,1,7,8,1,0,0,4,0,1.3,1.3,5.6,6.8,89,95,149,0.03,0.24,0.27,0.03,0.27,0.04,0.19,0.23,0.04,0.23,Luton-Town
Carlton Morris,"FW,MF",28,29,2592,28.8,10,4,14,6,4,4,2,0,9.9,6.7,2.8,9.5,31,51,108,0.35,0.14,0.49,0.21,0.35,0.34,0.1,0.44,0.23,0.33,Luton-Town
Ross Barkley,MF,30,28,2490,27.7,5,4,9,5,0,0,5,0,4,4,3.7,7.7,45,150,36,0.18,0.14,0.33,0.18,0.33,0.14,0.13,0.28,0.14,0.28,Luton-Town
Teden Mengi,DF,22,25,2273,25.3,1,0,1,1,0,0,3,0,0.4,0.4,0.2,0.6,14,54,1,0.04,0,0.04,0.04,0.04,0.02,0.01,0.03,0.02,0.03,Luton-Town
Issa Kaboré,DF,22,21,1729,19.2,0,2,2,0,0,0,7,0,0.2,0.2,2.1,2.3,60,54,85,0,0.1,0.1,0,0.1,0.01,0.11,0.12,0.01,0.12,Luton-Town
Amari'i Bell,DF,29,21,1720,19.1,0,0,0,0,0,0,0,0,0.3,0.3,0.5,0.7,32,76,10,0,0,0,0,0,0.01,0.02,0.04,0.01,0.04,Luton-Town
Chiedozie Ogbene,"MF,DF",27,19,1902,21.1,4,1,5,4,0,0,1,0,4.1,4.1,3.1,7.2,122,47,142,0.19,0.05,0.24,0.19,0.24,0.19,0.15,0.34,0.19,0.34,Luton-Town
Gabriel Osho,DF,25,18,1576,17.5,2,0,2,2,0,0,3,0,1,1,0.1,1.2,4,32,2,0.11,0,0.11,0.11,0.11,0.06,0.01,0.07,0.06,0.07,Luton-Town
Reece Burke,DF,27,18,1484,16.5,0,4,4,0,0,0,4,0,1.3,1.3,1.3,2.6,9,54,13,0,0.24,0.24,0,0.24,0.08,0.08,0.16,0.08,0.16,Luton-Town
Tahith Chong,MF,24,17,1716,19.1,4,0,4,4,0,0,3,0,2.6,2.6,0.5,3.1,44,65,87,0.21,0,0.21,0.21,0.21,0.14,0.02,0.16,0.14,0.16,Luton-Town
Andros Townsend,"MF,FW",32,14,1184,13.2,1,3,4,1,0,0,1,0,1.2,1.2,1.3,2.5,46,35,70,0.08,0.23,0.3,0.08,0.3,0.09,0.1,0.19,0.09,0.19,Luton-Town
Tom Lockyer,DF,29,14,1169,13,1,1,2,1,0,0,4,0,1.1,1.1,0.6,1.7,6,37,2,0.08,0.08,0.15,0.08,0.15,0.08,0.05,0.13,0.08,0.13,Luton-Town
Jordan Clark,MF,30,13,1183,13.1,1,1,2,1,0,0,3,0,0.9,0.9,1.1,1.9,17,46,36,0.08,0.08,0.15,0.08,0.15,0.07,0.08,0.15,0.07,0.15,Luton-Town
Elijah Adebayo,FW,26,13,1175,13.1,9,0,9,9,0,0,1,0,5.6,5.6,0.7,6.3,14,19,90,0.69,0,0.69,0.69,0.69,0.43,0.05,0.48,0.43,0.48,Luton-Town
Marvelous Nakamba,MF,30,13,1130,12.6,0,0,0,0,0,0,5,0,0.2,0.2,0.4,0.6,1,36,5,0,0,0,0,0,0.01,0.03,0.05,0.01,0.05,Luton-Town
Albert Sambi Lokonga,MF,24,13,1033,11.5,0,2,2,0,0,0,3,0,0.4,0.4,1.3,1.7,25,54,9,0,0.17,0.17,0,0.17,0.03,0.11,0.15,0.03,0.15,Luton-Town
Jacob Brown,"MF,FW",26,12,1019,11.3,2,0,2,2,0,0,4,0,2.8,2.8,0.7,3.4,25,19,53,0.18,0,0.18,0.18,0.18,0.25,0.06,0.3,0.25,0.3,Luton-Town
Pelly Ruddock Mpanzu,MF,30,11,1080,12,0,0,0,0,0,0,1,0,0.6,0.6,0.4,1.1,10,34,15,0,0,0,0,0,0.05,0.04,0.09,0.05,0.09,Luton-Town
Squad Total,,27.5,385,3150,35,45,31,76,41,4,4,62,0,39.3,36.2,27.6,63.8,620,1017,999,1.29,0.89,2.17,1.17,2.06,1.12,0.79,1.91,1.04,1.82,Luton-Town
Opponent Total,,27,385,3150,35,73,52,125,70,3,3,65,2,72.3,70,53.1,123.2,676,1405,1396,2.09,1.49,3.57,2,3.49,2.07,1.52,3.59,2,3.52,Luton-Town
Sander Berge,MF,26,31,2735,30.4,1,1,2,1,0,0,9,1,1.9,1.9,2,3.9,57,141,28,0.03,0.03,0.07,0.03,0.07,0.06,0.07,0.13,0.06,0.13,Burnley
Dara O'Shea,DF,25,29,2622,29.1,2,4,6,2,0,0,5,1,0.7,0.7,1.9,2.6,28,115,8,0.07,0.14,0.21,0.07,0.21,0.02,0.07,0.09,0.02,0.09,Burnley
Zeki Amdouni,FW,23,26,1870,20.8,5,1,6,4,1,1,2,0,5.3,4.5,1.4,5.9,59,47,88,0.24,0.05,0.29,0.19,0.24,0.26,0.07,0.32,0.22,0.28,Burnley
Vitinho,"DF,MF",24,24,2108,23.4,0,1,1,0,0,0,1,0,1.3,1.3,1.2,2.5,57,63,101,0,0.04,0.04,0,0.04,0.06,0.05,0.11,0.06,0.11,Burnley
Charlie Taylor,DF,30,23,2167,24.1,1,1,2,1,0,0,7,0,0.2,0.2,1.2,1.4,35,77,77,0.04,0.04,0.08,0.04,0.08,0.01,0.05,0.06,0.01,0.06,Burnley
Josh Brownhill,MF,28,22,2152,23.9,4,2,6,4,0,0,3,1,1.9,1.9,1.9,3.9,17,85,32,0.17,0.08,0.25,0.17,0.25,0.08,0.08,0.16,0.08,0.16,Burnley
Wilson Odobert,"MF,FW",19,22,1828,20.3,3,2,5,3,0,0,3,0,2.4,2.4,3.1,5.5,85,50,104,0.15,0.1,0.25,0.15,0.25,0.12,0.15,0.27,0.12,0.27,Burnley
Josh Cullen,MF,28,20,1798,20,1,3,4,1,0,0,8,0,0.4,0.4,1.7,2.1,21,104,18,0.05,0.15,0.2,0.05,0.2,0.02,0.09,0.1,0.02,0.1,Burnley
Lyle Foster,"FW,MF",23,19,1639,18.2,5,3,8,5,0,0,0,1,3.9,3.9,1.7,5.6,49,30,92,0.27,0.16,0.44,0.27,0.44,0.21,0.09,0.31,0.21,0.31,Burnley
Jordan Beyer,DF,23,15,1234,13.7,0,1,1,0,0,0,6,0,0.5,0.5,0.3,0.8,9,25,1,0,0.07,0.07,0,0.07,0.04,0.02,0.06,0.04,0.06,Burnley
Jacob Bruun Larsen,"MF,FW",25,13,1063,11.8,5,0,5,4,1,1,0,0,4.4,3.6,1,4.6,56,33,126,0.42,0,0.42,0.34,0.34,0.37,0.08,0.46,0.31,0.39,Burnley
Luca Koleosho,"MF,FW",19,13,974,10.8,1,1,2,1,0,0,0,0,2,2,1.3,3.3,53,19,82,0.09,0.09,0.18,0.09,0.18,0.18,0.12,0.3,0.18,0.3,Burnley
Jóhann Berg Guðmundsson,MF,33,12,1118,12.4,1,2,3,1,0,0,2,0,1.8,1.8,2.3,4.1,11,54,62,0.08,0.16,0.24,0.08,0.24,0.14,0.19,0.33,0.14,0.33,Burnley
Maxime Estève,DF,21,12,1085,12.1,0,0,0,0,0,0,4,0,0.2,0.2,0,0.2,12,32,3,0,0,0,0,0,0.02,0,0.02,0.02,0.02,Burnley
Ameen Al-Dakhil,DF,22,12,1056,11.7,1,0,1,1,0,0,1,0,1.3,1.3,0.1,1.4,7,35,9,0.09,0,0.09,0.09,0.09,0.11,0.01,0.12,0.11,0.12,Burnley
Lorenz Assignon,DF,23,12,1009,11.2,1,2,3,1,0,0,4,1,0.3,0.3,2.6,2.9,32,29,43,0.09,0.18,0.27,0.09,0.27,0.03,0.23,0.26,0.03,0.26,Burnley
David Datro Fofana,FW,21,10,869,9.7,4,1,5,4,0,0,1,0,4.5,4.5,1.8,6.3,21,14,37,0.41,0.1,0.52,0.41,0.52,0.47,0.19,0.66,0.47,0.66,Burnley
Connor Roberts,DF,28,8,823,9.1,0,1,1,0,0,0,5,1,0,0,0.2,0.2,6,38,13,0,0.11,0.11,0,0.11,0,0.02,0.02,0,0.02,Burnley
Jay Rodriguez,FW,34,7,806,9,2,1,3,1,1,1,0,0,3.5,2.7,0.2,2.9,2,17,28,0.22,0.11,0.33,0.11,0.22,0.39,0.02,0.41,0.3,0.32,Burnley
Squad Total,,25.2,385,3150,35,37,27,64,34,3,3,69,7,37.7,35.4,27.3,62.7,664,1073,1057,1.06,0.77,1.83,0.97,1.74,1.08,0.78,1.86,1.01,1.79,Burnley
Opponent Total,,27.1,385,3150,35,67,47,114,61,6,6,79,3,62.5,57.8,45.9,103.7,648,1382,1368,1.91,1.34,3.26,1.74,3.09,1.79,1.31,3.1,1.65,2.96,Burnley
Gustavo Hamer,MF,26,31,2640,29.3,4,6,10,4,0,0,9,0,2.7,2.7,4.8,7.5,33,115,71,0.14,0.2,0.34,0.14,0.34,0.09,0.16,0.26,0.09,0.26,Sheffield-United
Jayden Bogle,DF,23,29,2518,28,3,0,3,3,0,0,9,0,2.1,2.1,0.8,2.9,31,48,81,0.11,0,0.11,0.11,0.11,0.07,0.03,0.1,0.07,0.1,Sheffield-United
Jack Robinson,DF,30,28,2615,29.1,1,1,2,1,0,0,8,0,1.1,1.1,1.1,2.2,6,49,11,0.03,0.03,0.07,0.03,0.07,0.04,0.04,0.07,0.04,0.07,Sheffield-United
Vinicius Souza,MF,24,28,2475,27.5,1,0,1,1,0,0,2,0,0.6,0.6,0.2,0.8,7,64,19,0.04,0,0.04,0.04,0.04,0.02,0.01,0.03,0.02,0.03,Sheffield-United
Anel Ahmedhodžić,DF,25,27,2470,27.4,2,0,2,2,0,0,9,0,3.1,3.1,0.8,4,13,36,19,0.07,0,0.07,0.07,0.07,0.11,0.03,0.14,0.11,0.14,Sheffield-United
Auston Trusty,DF,25,25,2302,25.6,0,0,0,0,0,0,4,0,0.4,0.4,1.1,1.4,10,38,12,0,0,0,0,0,0.02,0.04,0.06,0.02,0.06,Sheffield-United
James Mcatee,"MF,FW",21,20,1797,20,3,3,6,2,1,1,2,0,3.1,2.3,2.9,5.2,55,51,108,0.15,0.15,0.3,0.1,0.25,0.15,0.15,0.3,0.11,0.26,Sheffield-United
Cameron Archer,"FW,MF",22,18,1618,18,4,1,5,4,0,0,1,0,4.4,4.4,2.7,7.1,31,15,98,0.22,0.06,0.28,0.22,0.28,0.25,0.15,0.4,0.25,0.4,Sheffield-United
Oliver Norwood,MF,33,16,1440,16,1,0,1,0,1,1,8,0,1.1,0.3,0.6,0.9,3,73,10,0.06,0,0.06,0,0,0.07,0.04,0.11,0.02,0.06,Sheffield-United
Oliver McBurnie,FW,27,15,1280,14.2,6,3,9,4,2,2,7,2,6.9,5.3,2,7.3,6,30,60,0.42,0.21,0.63,0.28,0.49,0.48,0.14,0.62,0.37,0.51,Sheffield-United
Ben Osborn,"DF,MF",29,12,1273,14.1,0,2,2,0,0,0,3,0,0.2,0.2,0.8,1,15,51,39,0,0.14,0.14,0,0.14,0.02,0.06,0.07,0.02,0.07,Sheffield-United
George Baldock,DF,31,11,969,10.8,0,1,1,0,0,0,4,0,0,0,0.8,0.8,9,31,24,0,0.09,0.09,0,0.09,0,0.07,0.08,0,0.08,Sheffield-United
Luke Thomas,DF,22,11,917,10.2,0,0,0,0,0,0,3,0,0.5,0.5,0.1,0.6,8,33,22,0,0,0,0,0,0.05,0,0.06,0.05,0.06,Sheffield-United
Ben Brereton,"FW,MF",25,11,856,9.5,5,1,6,5,0,0,3,0,4.3,4.3,1.1,5.4,19,27,60,0.53,0.11,0.63,0.53,0.63,0.45,0.11,0.57,0.45,0.57,Sheffield-United
Andre Brooks,"MF,DF",20,10,790,8.8,0,0,0,0,0,0,1,0,0.3,0.3,0.1,0.4,9,14,21,0,0,0,0,0,0.04,0.01,0.05,0.04,0.05,Sheffield-United
William Osula,FW,20,9,786,8.7,0,0,0,0,0,0,4,0,1.6,1.6,0.1,1.7,7,2,41,0,0,0,0,0,0.19,0.01,0.2,0.19,0.2,Sheffield-United
Mason Holgate,DF,27,9,688,7.6,0,0,0,0,0,0,3,1,0.6,0.6,0.4,1.1,0,13,0,0,0,0,0,0,0.08,0.05,0.14,0.08,0.14,Sheffield-United
Oliver Arblaster,MF,19,8,730,8.1,0,0,0,0,0,0,1,0,0,0,0.3,0.3,11,31,3,0,0,0,0,0,0.01,0.03,0.04,0.01,0.04,Sheffield-United
Squad Total,,26.5,385,3150,35,30,18,48,26,4,4,95,4,34.5,31.5,23.2,54.6,315,788,781,0.86,0.51,1.37,0.74,1.26,0.99,0.66,1.65,0.9,1.56,Sheffield-United
Opponent Total,,27.1,385,3150,35,90,68,158,85,5,7,51,2,69.7,64.3,50.8,115,908,1830,1810,2.57,1.94,4.51,2.43,4.37,1.99,1.45,3.44,1.84,3.29,Sheffield-United